district,taluka,village,village_id,reason,candidates
AHILYANAGAR,SANGAMNER,Sangamner (M Cl),v-251539,maha-no-name-match,Abhalwadi;Ajampur;Akalapur;Ambhore;Ambi Dumala
AHILYANAGAR,SANGAMNER,Khanderaywadi (N.V.,v-652105,maha-no-name-match,Abhalwadi;Ajampur;Akalapur;Ambhore;Ambi Dumala
AHILYANAGAR,PATHARDI,Pathardi (M Cl),v-251546,maha-no-name-match,Adgaon;Agaskhand;Akola;Alhanwadi;Ambika Nagar
AHILYANAGAR,PATHARDI,Sevanagar Tanda,v-652111,maha-no-name-match,Adgaon;Agaskhand;Akola;Alhanwadi;Ambika Nagar
AHILYANAGAR,PATHARDI,Kakaddara,v-652114,maha-no-name-match,Adgaon;Agaskhand;Akola;Alhanwadi;Ambika Nagar
AHILYANAGAR,PATHARDI,Vaghdara,v-652113,maha-no-name-match,Adgaon;Agaskhand;Akola;Alhanwadi;Ambika Nagar
AHILYANAGAR,PATHARDI,Vasantrao Naiknagar,v-652110,maha-no-name-match,Adgaon;Agaskhand;Akola;Alhanwadi;Ambika Nagar
AHILYANAGAR,PATHARDI,Bhagvangad Tanda,v-558025N418,maha-no-name-match,Adgaon;Agaskhand;Akola;Alhanwadi;Ambika Nagar
AHILYANAGAR,PATHARDI,Kokispir Tanda,v-557996N414,maha-no-name-match,Adgaon;Agaskhand;Akola;Alhanwadi;Ambika Nagar
AHILYANAGAR,PATHARDI,Ambewadi,v-652109,maha-no-name-match,Adgaon;Agaskhand;Akola;Alhanwadi;Ambika Nagar
AHILYANAGAR,PATHARDI,Hanumannagar Tanda,v-652108,maha-no-name-match,Adgaon;Agaskhand;Akola;Alhanwadi;Ambika Nagar
AHILYANAGAR,JAMKHED,Jamkhed (M CI),v-251554,maha-no-name-match,Aghi;Anandwadi;Apti;Arangaon;Balgavhan
AHILYANAGAR,AKOLE,SUBMERGED,submerged,maha-no-name-match,Abit Khind;Agar;Agastinagar (N.V.);Akola;Ambad
AHILYANAGAR,AKOLE,Varkhadwadi (N.V.),v-652101,maha-no-name-match,Abit Khind;Agar;Agastinagar (N.V.);Akola;Ambad
AHILYANAGAR,SHRIGONDA,RESERVED FOREST,reserved-forest,maha-no-name-match,Adhalgaon;Adhorewadi;Ajnuj;Anandwadi;Angare
AHILYANAGAR,SHRIGONDA,Shrigonda (M Cl),v-251553,maha-no-name-match,Adhalgaon;Adhorewadi;Ajnuj;Anandwadi;Angare
AHILYANAGAR,RAHURI,Deolali Pravara (M Cl),v-251552,maha-no-name-match,Amalner;Ambi;Aradgaon;Babhulgaon;Baragaon Nandur
AHILYANAGAR,RAHURI,Rahuri (M CI),v-251551,maha-no-name-match,Amalner;Ambi;Aradgaon;Babhulgaon;Baragaon Nandur
AHILYANAGAR,RAHURI,Bulepathar,v-652116,maha-no-name-match,Amalner;Ambi;Aradgaon;Babhulgaon;Baragaon Nandur
AHILYANAGAR,NEVASA,Jayagude Akhada,v-557706,maha-empty-marathi,Amalner;Antarwali;Babhulkhede;Babhulwedhe;Bahirwadi
AHILYANAGAR,NEVASA,Lekurwali Akhada,v-557700,maha-empty-marathi,Amalner;Antarwali;Babhulkhede;Babhulwedhe;Bahirwadi
AHILYANAGAR,NEVASA,SUBMERGED,submerged,maha-no-name-match,Amalner;Antarwali;Babhulkhede;Babhulwedhe;Bahirwadi
AHILYANAGAR,KOPARGAON,Kopargaon (M CI),v-251540,maha-no-name-match,Anchalgaon;Anjanapur;Apegaon;Bahadarbad;Bahadarpur
AHILYANAGAR,PARNER,Gadyacha Zap,v-652117,maha-no-name-match,Akkalwadi;Alkuti;Apdhup;Astagaon;Babhulwade
AHILYANAGAR,SHEVGAON,SUBMERGED,submerged,maha-no-name-match,Ahmednagar;Ajangaon;Akewada;Alagondi;Ambada (sonak)
AHILYANAGAR,SHEVGAON,SUBMERGED,submerged-dup-1,maha-no-name-match,Ahmednagar;Ajangaon;Akewada;Alagondi;Ambada (sonak)
AHILYANAGAR,SHEVGAON,SUBMERGED,submerged-dup-2,maha-no-name-match,Ahmednagar;Ajangaon;Akewada;Alagondi;Ambada (sonak)
AHILYANAGAR,SHEVGAON,SUBMERGED,submerged-dup-3,maha-no-name-match,Ahmednagar;Ajangaon;Akewada;Alagondi;Ambada (sonak)
AHILYANAGAR,SHEVGAON,SUBMERGED,submerged-dup-4,maha-no-name-match,Ahmednagar;Ajangaon;Akewada;Alagondi;Ambada (sonak)
AHILYANAGAR,SHEVGAON,SUBMERGED,submerged-dup-5,maha-no-name-match,Ahmednagar;Ajangaon;Akewada;Alagondi;Ambada (sonak)
AHILYANAGAR,SHEVGAON,SUBMERGED,submerged-dup-6,maha-no-name-match,Ahmednagar;Ajangaon;Akewada;Alagondi;Ambada (sonak)
AHILYANAGAR,SHEVGAON,SUBMERGED,submerged-dup-7,maha-no-name-match,Ahmednagar;Ajangaon;Akewada;Alagondi;Ambada (sonak)
AHILYANAGAR,SHEVGAON,SUBMERGED,submerged-dup-8,maha-no-name-match,Ahmednagar;Ajangaon;Akewada;Alagondi;Ambada (sonak)
AHILYANAGAR,SHEVGAON,Shevgaon (M Cl),v-276331,maha-no-name-match,Ahmednagar;Ajangaon;Akewada;Alagondi;Ambada (sonak)
AHILYANAGAR,NAGAR,Pimpari Ghumat,v-558065,maha-empty-marathi,Agadgaon;Akolner;Ambilwadi;Arangaon;Athawad
AHILYANAGAR,NAGAR,Burhanagar(CT),v-558167,maha-empty-marathi,Agadgaon;Akolner;Ambilwadi;Arangaon;Athawad
AHILYANAGAR,NAGAR,Ahilyanagar (M Corp.),v-251548,maha-no-name-match,Agadgaon;Akolner;Ambilwadi;Arangaon;Athawad
AHILYANAGAR,NAGAR,Ahmadnagar (CB),v-277285,maha-no-name-match,Agadgaon;Akolner;Ambilwadi;Arangaon;Athawad
AHILYANAGAR,NAGAR,Bara Babhli,v-558163,maha-empty-marathi,Agadgaon;Akolner;Ambilwadi;Arangaon;Athawad
AHILYANAGAR,NAGAR,Wadarwadi,v-558164,maha-empty-marathi,Agadgaon;Akolner;Ambilwadi;Arangaon;Athawad
AHILYANAGAR,NAGAR,Shahpur-Ketki,v-558165,maha-no-name-match,Agadgaon;Akolner;Ambilwadi;Arangaon;Athawad
AHILYANAGAR,SHRIRAMPUR,Shrirampur (M CI),v-802826,maha-no-name-match,Ainatpur;Belapur Bk.;Belapur Kh.;Bhairavnathnagar;Bhamathan
AHILYANAGAR,RAHTA,Rahta Pimplas (M Cl),v-251543,maha-no-name-match,Adgaon Bk.;Adgaon Kh.;Astagaon;Babhaleshwar Bk.;Babhaleshwar Kh.
AKOLA,MURTIJAPUR,Murtijapur (M Cl),v-251315,maha-no-name-match,Akoli Jaha;Aledatpur;Allapur;Amatwada;Anbhora
AKOLA,AKOLA,Akola (M Corp.),v-251312,maha-no-name-match,Agar;Akhatwada;Akkalkot;Akola (Rural);Akoli Bk.
AKOLA,TELHARA,Telhara (M CI),v-251309,maha-no-name-match,Adgaon Bk.;Adsul;Akoli Ruprao;Atkali;Babhulgaon
AKOLA,TELHARA,Barukheda,v-531592,maha-empty-marathi,Adgaon Bk.;Adsul;Akoli Ruprao;Atkali;Babhulgaon
AKOLA,TELHARA,Nagartas,v-531595,maha-empty-marathi,Adgaon Bk.;Adsul;Akoli Ruprao;Atkali;Babhulgaon
AKOLA,PATUR,Mahaldoli,v-530423,maha-empty-marathi,Adgaon Kh.;Agikhed;Alegaon;Ambashi;Andhar Sangvi
AKOLA,PATUR,Patur (M Cl),v-251316,maha-no-name-match,Adgaon Kh.;Agikhed;Alegaon;Ambashi;Andhar Sangvi
AKOLA,AKOT,Akot (M Cl),v-251310,maha-no-name-match,AMONA;Adgaon Kh;Agaskhed;Akoli Jahangir;Akolkhed
AKOLA,AKOT,NARNALA RESERVED FOREST,narnala-reserved-forest,maha-no-name-match,AMONA;Adgaon Kh;Agaskhed;Akoli Jahangir;Akolkhed
AKOLA,BALAPUR,Balapur (M Cl),v-251311,maha-no-name-match,Adoshi;Andura;Antri Malkapur;Bahadura;Balhadi
AKOLA,BARSHITAKLI,Barshi Takali (NP),v-276332,maha-no-name-match,AJNI BK.;Ajani Kh.;Ajani Mahala;Alanda;Asartek
AMRAVATI,ANJANGAON SURJI,Anjangaon (M Cl),v-251322,maha-no-name-match,Adgaon;Adgaon   Ade;Ahamadpur;Aiwajpur;Ajitpur
AMRAVATI,CHANDUR BAZAR,Chandur Bazar (M Cl),v-251324,maha-no-name-match,Abdalpur;Afzalpur;Akhatwada;Alampur;Alipur
AMRAVATI,CHIKHALDARA,Jambli,v-531702,maha-no-name-match,Adhav;Adnadi;Ahad;Aki;Aladoh
AMRAVATI,CHIKHALDARA,Bilu,v-531622,maha-empty-marathi,Adhav;Adnadi;Ahad;Aki;Aladoh
AMRAVATI,CHIKHALDARA,Bichukheda,v-531626,maha-empty-marathi,Adhav;Adnadi;Ahad;Aki;Aladoh
AMRAVATI,CHIKHALDARA,RESERVED FOREST,reserved-forest,maha-no-name-match,Adhav;Adnadi;Ahad;Aki;Aladoh
AMRAVATI,CHIKHALDARA,RESERVED FOREST,reserved-forest-dup-9,maha-no-name-match,Adhav;Adnadi;Ahad;Aki;Aladoh
AMRAVATI,CHIKHALDARA,Wadapati,v-531714,maha-empty-marathi,Adhav;Adnadi;Ahad;Aki;Aladoh
AMRAVATI,CHIKHALDARA,FOREST.,forest,maha-no-name-match,Adhav;Adnadi;Ahad;Aki;Aladoh
AMRAVATI,CHIKHALDARA,HATTIGHAT RESERVED FOREST,hattighat-reserved-forest,maha-no-name-match,Adhav;Adnadi;Ahad;Aki;Aladoh
AMRAVATI,CHIKHALDARA,Nawalgaon,v-531625,maha-empty-marathi,Adhav;Adnadi;Ahad;Aki;Aladoh
AMRAVATI,CHIKHALDARA,Salibardi,v-531686,maha-empty-marathi,Adhav;Adnadi;Ahad;Aki;Aladoh
AMRAVATI,CHIKHALDARA,Jawaharkund,v-531543,maha-empty-marathi,Adhav;Adnadi;Ahad;Aki;Aladoh
AMRAVATI,CHIKHALDARA,Tongalphodi,v-531567,maha-empty-marathi,Adhav;Adnadi;Ahad;Aki;Aladoh
AMRAVATI,CHIKHALDARA,Nagdehli,v-531689,maha-empty-marathi,Adhav;Adnadi;Ahad;Aki;Aladoh
AMRAVATI,CHIKHALDARA,Wavadi,v-531669,maha-empty-marathi,Adhav;Adnadi;Ahad;Aki;Aladoh
AMRAVATI,CHIKHALDARA,Chikhaldara (M Cl),v-276634,maha-no-name-match,Adhav;Adnadi;Ahad;Aki;Aladoh
AMRAVATI,CHIKHALDARA,Kolkas,v-531546,maha-empty-marathi,Adhav;Adnadi;Ahad;Aki;Aladoh
AMRAVATI,CHIKHALDARA,FOREST,forest-dup-165,maha-no-name-match,Adhav;Adnadi;Ahad;Aki;Aladoh
AMRAVATI,CHIKHALDARA,Marawani,v-531563,maha-empty-marathi,Adhav;Adnadi;Ahad;Aki;Aladoh
AMRAVATI,CHIKHALDARA,MELGHAT TIGER PROJECT,melghat-tiger-project,maha-no-name-match,Adhav;Adnadi;Ahad;Aki;Aladoh
AMRAVATI,CHIKHALDARA,Sirasitand,v-531540,maha-empty-marathi,Adhav;Adnadi;Ahad;Aki;Aladoh
AMRAVATI,CHIKHALDARA,Wanroad,v-531594,maha-no-name-match,Adhav;Adnadi;Ahad;Aki;Aladoh
AMRAVATI,CHIKHALDARA,Rupagad,v-531596,maha-empty-marathi,Adhav;Adnadi;Ahad;Aki;Aladoh
AMRAVATI,CHIKHALDARA,Kutambi,v-531591,maha-empty-marathi,Adhav;Adnadi;Ahad;Aki;Aladoh
AMRAVATI,CHIKHALDARA,Tekdakheda,v-531588,maha-empty-marathi,Adhav;Adnadi;Ahad;Aki;Aladoh
AMRAVATI,CHIKHALDARA,Wadpani,v-531598,maha-empty-marathi,Adhav;Adnadi;Ahad;Aki;Aladoh
AMRAVATI,CHIKHALDARA,Pirkheda,v-531577,maha-empty-marathi,Adhav;Adnadi;Ahad;Aki;Aladoh
AMRAVATI,CHIKHALDARA,Shiwanpani,v-531572,maha-empty-marathi,Adhav;Adnadi;Ahad;Aki;Aladoh
AMRAVATI,CHIKHALDARA,Belkund,v-531561,maha-empty-marathi,Adhav;Adnadi;Ahad;Aki;Aladoh
AMRAVATI,CHIKHALDARA,Asalwada,v-531562,maha-empty-marathi,Adhav;Adnadi;Ahad;Aki;Aladoh
AMRAVATI,CHIKHALDARA,Gudifata,v-531575,maha-empty-marathi,Adhav;Adnadi;Ahad;Aki;Aladoh
AMRAVATI,CHIKHALDARA,Koktu,v-531574,maha-no-name-match,Adhav;Adnadi;Ahad;Aki;Aladoh
AMRAVATI,CHIKHALDARA,Zira,v-531573,maha-empty-marathi,Adhav;Adnadi;Ahad;Aki;Aladoh
AMRAVATI,CHIKHALDARA,Hirdamal,v-531685,maha-empty-marathi,Adhav;Adnadi;Ahad;Aki;Aladoh
AMRAVATI,CHIKHALDARA,Chichghat,v-531688,maha-no-name-match,Adhav;Adnadi;Ahad;Aki;Aladoh
AMRAVATI,CHIKHALDARA,Kumbhi,v-531538,maha-empty-marathi,Adhav;Adnadi;Ahad;Aki;Aladoh
AMRAVATI,CHIKHALDARA,Rehatyakheda,v-531535,maha-empty-marathi,Adhav;Adnadi;Ahad;Aki;Aladoh
AMRAVATI,ACHALPUR,Achalpur (M CI),v-251323,maha-no-name-match,Abdalpur;Afzalpur;Akhatwada;Alampur;Alipur
AMRAVATI,ACHALPUR,Dhamani,v-531857,maha-no-name-match,Abdalpur;Afzalpur;Akhatwada;Alampur;Alipur
AMRAVATI,BHATKULI,Bhatkuli (NP),v-276290,maha-empty-marathi,Abitpur;Advi;Afjalpur;Alangaon;Anchalwadi
AMRAVATI,CHANDUR RAILWAY,Chandur Railway (M Cl),v-251330,maha-no-name-match,Ajitpur;Ambapur;Amdori;Amla Vishveshwar;Ashrafpur
AMRAVATI,CHANDUR RAILWAY,Warud,v-533170,maha-empty-marathi,Ajitpur;Ambapur;Amdori;Amla Vishveshwar;Ashrafpur
AMRAVATI,CHANDUR RAILWAY,Chandur Wadi,v-533198,maha-empty-marathi,Ajitpur;Ambapur;Amdori;Amla Vishveshwar;Ashrafpur
AMRAVATI,DARYAPUR,Daryapur Banosa (M Cl),v-251329,maha-no-name-match,ADULA BAZAR;Ahmadpur;Ajitpur;Alampur;Amla
AMRAVATI,NANDGAON KHANDESHWAR,Nandgaon-Khandeshwar (NP),v-276291,maha-no-name-match,Adgaon Kh;Adgaon bk;Aditapur;Ajani;Ajmatpur
AMRAVATI,AMRAVATI,Amravati (M Corp),v-251328,maha-no-name-match,Aliyabad;Alyabad;Amannapur;Amdapur;Amla
AMRAVATI,AMRAVATI,Madalabad,v-532694,maha-empty-marathi,Aliyabad;Alyabad;Amannapur;Amdapur;Amla
AMRAVATI,AMRAVATI,Deogiri,v-532695,maha-empty-marathi,Aliyabad;Alyabad;Amannapur;Amdapur;Amla
AMRAVATI,DHARNI,Malur,v-531524,maha-empty-marathi,Aki;Ambadi;Babanda;Bairagad;Baratanda
AMRAVATI,DHARNI,RESERVED FOREST,reserved-forest,maha-no-name-match,Aki;Ambadi;Babanda;Bairagad;Baratanda
AMRAVATI,DHARNI,RESERVED FOREST,reserved-forest-dup-10,maha-no-name-match,Aki;Ambadi;Babanda;Bairagad;Baratanda
AMRAVATI,DHARNI,WAN RESERVED FOREST,wan-reserved-forest,maha-no-name-match,Aki;Ambadi;Babanda;Bairagad;Baratanda
AMRAVATI,DHARNI,CHAURAKUND RESERVED FOREST,chaurakund-reserved-forest,maha-no-name-match,Aki;Ambadi;Babanda;Bairagad;Baratanda
AMRAVATI,DHARNI,Dudhani,v-531437,maha-empty-marathi,Aki;Ambadi;Babanda;Bairagad;Baratanda
AMRAVATI,DHARNI,Chandpur Kisan,v-531519,maha-empty-marathi,Aki;Ambadi;Babanda;Bairagad;Baratanda
AMRAVATI,DHARNI,Piparikheda,v-531502,maha-empty-marathi,Aki;Ambadi;Babanda;Bairagad;Baratanda
AMRAVATI,DHARNI,FOREST,forest,maha-no-name-match,Aki;Ambadi;Babanda;Bairagad;Baratanda
AMRAVATI,DHARNI,RESERVE FOREST,reserve-forest,maha-no-name-match,Aki;Ambadi;Babanda;Bairagad;Baratanda
AMRAVATI,MORSHI,Surwadi Kh,v-532258,maha-empty-marathi,Adgaon;Ahmadabad;Ahmadpur;Ahmadpur;Ajampur
AMRAVATI,MORSHI,Morshi (M Cl),v-251325,maha-no-name-match,Adgaon;Ahmadabad;Ahmadpur;Ahmadpur;Ajampur
AMRAVATI,MORSHI,Ragadgaon,v-532267,maha-empty-marathi,Adgaon;Ahmadabad;Ahmadpur;Ahmadpur;Ajampur
AMRAVATI,MORSHI,Kashimpur,v-532268,maha-empty-marathi,Adgaon;Ahmadabad;Ahmadpur;Ahmadpur;Ajampur
AMRAVATI,MORSHI,Shekapur,v-532266,maha-empty-marathi,Adgaon;Ahmadabad;Ahmadpur;Ahmadpur;Ajampur
AMRAVATI,MORSHI,Malkhed,v-532276,maha-empty-marathi,Adgaon;Ahmadabad;Ahmadpur;Ahmadpur;Ajampur
AMRAVATI,MORSHI,Kavitpur,v-532275,maha-empty-marathi,Adgaon;Ahmadabad;Ahmadpur;Ahmadpur;Ajampur
AMRAVATI,MORSHI,Shirur,v-532278,maha-empty-marathi,Adgaon;Ahmadabad;Ahmadpur;Ahmadpur;Ajampur
AMRAVATI,WARUD,Warud (M Cl),v-251326,maha-no-name-match,Ajitpur-Bhapki;Aloda;Ambafata;Ambpend;Amdapur
AMRAVATI,WARUD,SHEKDARI RESERVED FOREST,shekdari-reserved-forest,maha-no-name-match,Ajitpur-Bhapki;Aloda;Ambafata;Ambpend;Amdapur
AMRAVATI,WARUD,Shendurjana (M Cl),v-251327,maha-no-name-match,Ajitpur-Bhapki;Aloda;Ambafata;Ambpend;Amdapur
AMRAVATI,DHAMANGAON RAILWAY,Dattapur Dhamangaon (M Cl),v-251331,maha-no-name-match,Amadabad;Anjangaon;Anjansingi;Anjanwati;Asegaon
BEED,ASHTI,Shedgewadi (N.V.),v-558724,maha-empty-marathi,Ambewadi;Ambewadi (N.V.);Ambhora;Anandwadi;Andhale Wadi
BEED,ASHTI,Ambewadi,v-558734,maha-empty-marathi,Ambewadi;Ambewadi (N.V.);Ambhora;Anandwadi;Andhale Wadi
BEED,ASHTI,Laman Tanda (N.V.),v-558737,maha-empty-marathi,Ambewadi;Ambewadi (N.V.);Ambhora;Anandwadi;Andhale Wadi
BEED,ASHTI,Kharkatwadi (N.V.),v-558740,maha-empty-marathi,Ambewadi;Ambewadi (N.V.);Ambhora;Anandwadi;Andhale Wadi
BEED,ASHTI,Lokhandwadi (N.V.),v-558738,maha-empty-marathi,Ambewadi;Ambewadi (N.V.);Ambhora;Anandwadi;Andhale Wadi
BEED,ASHTI,Mahadeowadi (N.V.),v-558773,maha-empty-marathi,Ambewadi;Ambewadi (N.V.);Ambhora;Anandwadi;Andhale Wadi
BEED,ASHTI,Kokrewadi (N.V.),v-558772,maha-empty-marathi,Ambewadi;Ambewadi (N.V.);Ambhora;Anandwadi;Andhale Wadi
BEED,ASHTI,Kolhewadi (N.V.),v-558771,maha-empty-marathi,Ambewadi;Ambewadi (N.V.);Ambhora;Anandwadi;Andhale Wadi
BEED,ASHTI,Lamantanda,v-558806,maha-empty-marathi,Ambewadi;Ambewadi (N.V.);Ambhora;Anandwadi;Andhale Wadi
BEED,ASHTI,Kumbharwadi (N.V.),v-558749,maha-empty-marathi,Ambewadi;Ambewadi (N.V.);Ambhora;Anandwadi;Andhale Wadi
BEED,ASHTI,Darewadi (N.V.),v-558785,maha-empty-marathi,Ambewadi;Ambewadi (N.V.);Ambhora;Anandwadi;Andhale Wadi
BEED,ASHTI,Shelarwadi (N.V.),v-558790,maha-empty-marathi,Ambewadi;Ambewadi (N.V.);Ambhora;Anandwadi;Andhale Wadi
BEED,ASHTI,Kakadwadi (N.V.),v-558803,maha-empty-marathi,Ambewadi;Ambewadi (N.V.);Ambhora;Anandwadi;Andhale Wadi
BEED,ASHTI,Ambewadi (N.V.),v-558867,maha-empty-marathi,Ambewadi;Ambewadi (N.V.);Ambhora;Anandwadi;Andhale Wadi
BEED,ASHTI,Kasewadi (N.V.),v-558866,maha-empty-marathi,Ambewadi;Ambewadi (N.V.);Ambhora;Anandwadi;Andhale Wadi
BEED,BEED,Bid (M CI),v-251557,maha-no-name-match,ATHARWAN PIMPRI TANDA;Adgaon;Aher Dhanora;Aher Nimgaon;Aher wadgaon
BEED,BEED,Kacharwadi,v-652129,maha-no-name-match,ATHARWAN PIMPRI TANDA;Adgaon;Aher Dhanora;Aher Nimgaon;Aher wadgaon
BEED,AMBEJOGAI,Ambejogai (M Cl),v-251560,maha-no-name-match,Akola;Ambajogai (Rural);Ambaltek;Ambalwadi;Anjanpur
BEED,DHARUR,Dharur (M CI),v-251558,maha-no-name-match,Aad-Hingani;Ambewadgaon;Amla;Anjandhav;Aranwadi
BEED,MAJALGAON,Shindewadi (Wangi Bk),v-559412,maha-no-name-match,Abegaon;Adola;Alapur;Anadwadi;Anandgaon
BEED,MAJALGAON,Anandwadi,v-559392,maha-no-name-match,Abegaon;Adola;Alapur;Anadwadi;Anandgaon
BEED,MAJALGAON,Manjlegaon (M  Cl),v-251556,maha-no-name-match,Abegaon;Adola;Alapur;Anadwadi;Anandgaon
BEED,MAJALGAON,Jaykowadi Tanda (N.V.) ,v-654957,maha-no-name-match,Abegaon;Adola;Alapur;Anadwadi;Anandgaon
BEED,PARLI,Parli (M Cl),v-251559,maha-no-name-match,Anandwadi;Aswalamba;Aurangapur;Belamba;Bhadurwadi (N.V.)
BEED,SHIRUR (KASAR),Shirur (NP),v-275726,maha-no-name-match,Anandgaon;Anandwadi;Anandwadi;Arvi;Aurangpur
BEED,GEORAI,Jairamnaik Tanda,v-559229,maha-no-name-match,ANTARWALI BU.;Adpimpri;Agar Nandur;Aher Vahegaon;Amla
BEED,GEORAI,Vasantnagar,v-559230,maha-no-name-match,ANTARWALI BU.;Adpimpri;Agar Nandur;Aher Vahegaon;Amla
BEED,GEORAI,Beli Tanda,v-652127,maha-no-name-match,ANTARWALI BU.;Adpimpri;Agar Nandur;Aher Vahegaon;Amla
BEED,GEORAI,Rekhanaik Tanda,v-652125,maha-no-name-match,ANTARWALI BU.;Adpimpri;Agar Nandur;Aher Vahegaon;Amla
BEED,GEORAI,Pawarwadi Tanda,v-652126,maha-no-name-match,ANTARWALI BU.;Adpimpri;Agar Nandur;Aher Vahegaon;Amla
BEED,GEORAI,Parasram Tanda,v-652119,maha-no-name-match,ANTARWALI BU.;Adpimpri;Agar Nandur;Aher Vahegaon;Amla
BEED,GEORAI,Limbanaik Tanda,v-652123,maha-no-name-match,ANTARWALI BU.;Adpimpri;Agar Nandur;Aher Vahegaon;Amla
BEED,GEORAI,Tembhi Tanda,v-652121,maha-no-name-match,ANTARWALI BU.;Adpimpri;Agar Nandur;Aher Vahegaon;Amla
BEED,GEORAI,Jemanaik Tanda,v-652124,maha-no-name-match,ANTARWALI BU.;Adpimpri;Agar Nandur;Aher Vahegaon;Amla
BEED,GEORAI,Pandhri Tanda,v-652122,maha-no-name-match,ANTARWALI BU.;Adpimpri;Agar Nandur;Aher Vahegaon;Amla
BEED,GEORAI,Georai (M CI),v-251555,maha-no-name-match,ANTARWALI BU.;Adpimpri;Agar Nandur;Aher Vahegaon;Amla
CHHATRAPATI SAMBHAJINAGAR,PAITHAN,SUBMERGED,submerged,maha-taluka-empty,
CHHATRAPATI SAMBHAJINAGAR,PAITHAN,SUBMERGED,submerged-dup-27,maha-taluka-empty,
CHHATRAPATI SAMBHAJINAGAR,PAITHAN,Krishnapur,v-549459,maha-taluka-empty,
CHHATRAPATI SAMBHAJINAGAR,PAITHAN,SUBMERGED,submerged-dup-28,maha-taluka-empty,
CHHATRAPATI SAMBHAJINAGAR,PAITHAN,Paithan (M Cl),v-251433,maha-taluka-empty,
CHHATRAPATI SAMBHAJINAGAR,PAITHAN,SUBMERGED,submerged-dup-29,maha-taluka-empty,
CHHATRAPATI SAMBHAJINAGAR,PAITHAN,SUBMERGED,submerged-dup-30,maha-taluka-empty,
CHHATRAPATI SAMBHAJINAGAR,PAITHAN,SUBMERGED,submerged-dup-31,maha-taluka-empty,
CHHATRAPATI SAMBHAJINAGAR,PAITHAN,SUBMERGED,submerged-dup-32,maha-taluka-empty,
CHHATRAPATI SAMBHAJINAGAR,KANNAD,Bhambarwadi,v-548316,maha-empty-marathi,Adgaon (Pishor);Adgaon Jehur;Alapur;Amba;Amba Tanda
CHHATRAPATI SAMBHAJINAGAR,KANNAD,Belkheda Tanda,v-548231,maha-empty-marathi,Adgaon (Pishor);Adgaon Jehur;Alapur;Amba;Amba Tanda
CHHATRAPATI SAMBHAJINAGAR,KANNAD,Newpur Khalsa,v-548249,maha-empty-marathi,Adgaon (Pishor);Adgaon Jehur;Alapur;Amba;Amba Tanda
CHHATRAPATI SAMBHAJINAGAR,KANNAD,Waki  Kadim,v-548247,maha-empty-marathi,Adgaon (Pishor);Adgaon Jehur;Alapur;Amba;Amba Tanda
CHHATRAPATI SAMBHAJINAGAR,KANNAD,Umberkheda Tanda,v-548263,maha-empty-marathi,Adgaon (Pishor);Adgaon Jehur;Alapur;Amba;Amba Tanda
CHHATRAPATI SAMBHAJINAGAR,KANNAD,Rampurwadi,v-548261,maha-empty-marathi,Adgaon (Pishor);Adgaon Jehur;Alapur;Amba;Amba Tanda
CHHATRAPATI SAMBHAJINAGAR,KANNAD,Bharamba Tanda,v-548393,maha-empty-marathi,Adgaon (Pishor);Adgaon Jehur;Alapur;Amba;Amba Tanda
CHHATRAPATI SAMBHAJINAGAR,KANNAD,Mundwadi Tanda,v-548334,maha-empty-marathi,Adgaon (Pishor);Adgaon Jehur;Alapur;Amba;Amba Tanda
CHHATRAPATI SAMBHAJINAGAR,KANNAD,Navadi,v-548335,maha-empty-marathi,Adgaon (Pishor);Adgaon Jehur;Alapur;Amba;Amba Tanda
CHHATRAPATI SAMBHAJINAGAR,KANNAD,Chinchkheda Bk Tanda,v-548439,maha-no-name-match,Adgaon (Pishor);Adgaon Jehur;Alapur;Amba;Amba Tanda
CHHATRAPATI SAMBHAJINAGAR,KANNAD,Pangra Tanda,v-548431,maha-no-name-match,Adgaon (Pishor);Adgaon Jehur;Alapur;Amba;Amba Tanda
CHHATRAPATI SAMBHAJINAGAR,KANNAD,Shelgaon Khalsa,v-548281,maha-empty-marathi,Adgaon (Pishor);Adgaon Jehur;Alapur;Amba;Amba Tanda
CHHATRAPATI SAMBHAJINAGAR,KANNAD,Kannad (M CI),v-251426,maha-no-name-match,Adgaon (Pishor);Adgaon Jehur;Alapur;Amba;Amba Tanda
CHHATRAPATI SAMBHAJINAGAR,VAIJAPUR,Vaijapur (M CI),v-251431,maha-no-name-match,Agar Saigaon;Aghur;Alapurwadi;Amanatpurwadi;Anchalgaon
CHHATRAPATI SAMBHAJINAGAR,PHULAMBRI,Phulambri (NP),v-276353,maha-no-name-match,Adgaon  Kh.;Adgaon Bk.;Alad;Babhulgaon;Babhulgaon Kh.
CHHATRAPATI SAMBHAJINAGAR,KHULDABAD,Tisgaon Tanda,v-548938,maha-empty-marathi,Abdullapur;Akhatwada;Azampur;Badlabai;Bagkot
CHHATRAPATI SAMBHAJINAGAR,KHULDABAD,Talyachi Wadi,v-548955,maha-empty-marathi,Abdullapur;Akhatwada;Azampur;Badlabai;Bagkot
CHHATRAPATI SAMBHAJINAGAR,KHULDABAD,Bagkot,v-548952,maha-empty-marathi,Abdullapur;Akhatwada;Azampur;Badlabai;Bagkot
CHHATRAPATI SAMBHAJINAGAR,KHULDABAD,Khuldabad (M Cl),v-251430,maha-no-name-match,Abdullapur;Akhatwada;Azampur;Badlabai;Bagkot
CHHATRAPATI SAMBHAJINAGAR,KHULDABAD,Yesgaon 2,v-548997N234,maha-empty-marathi,Abdullapur;Akhatwada;Azampur;Badlabai;Bagkot
CHHATRAPATI SAMBHAJINAGAR,CHHATRAPATI SAMBHAJINAGAR,Nagonyachiwadi,v-548839,maha-empty-marathi,Abdimandi;Adgaon Bk;Adgaon Kh;Adgaon Maholi;Adgaon Sarak
CHHATRAPATI SAMBHAJINAGAR,CHHATRAPATI SAMBHAJINAGAR,Gadiwat Tanda,v-548927,maha-empty-marathi,Abdimandi;Adgaon Bk;Adgaon Kh;Adgaon Maholi;Adgaon Sarak
CHHATRAPATI SAMBHAJINAGAR,CHHATRAPATI SAMBHAJINAGAR,Chaukawadi,v-548750,maha-empty-marathi,Abdimandi;Adgaon Bk;Adgaon Kh;Adgaon Maholi;Adgaon Sarak
CHHATRAPATI SAMBHAJINAGAR,CHHATRAPATI SAMBHAJINAGAR,Chhatrapati Sambhaji Nagar (M Corp.),v-251428,maha-no-name-match,Abdimandi;Adgaon Bk;Adgaon Kh;Adgaon Maholi;Adgaon Sarak
CHHATRAPATI SAMBHAJINAGAR,CHHATRAPATI SAMBHAJINAGAR,Aurangabad (CB),v-277287,maha-no-name-match,Abdimandi;Adgaon Bk;Adgaon Kh;Adgaon Maholi;Adgaon Sarak
CHHATRAPATI SAMBHAJINAGAR,GANGAPUR,Gangapur (M CI),v-251432,maha-no-name-match,Abdulpur;Agar Kanadgaon;Agathan;Ager Wadgaon;Akoli Wadgaon
CHHATRAPATI SAMBHAJINAGAR,SILLOD,Sillod (M Cl),v-297092,maha-no-name-match,Adharwadi;Ajantha;Ambhai;Amsari;Amthana
CHHATRAPATI SAMBHAJINAGAR,SILLOD,Gavhali Tanda,v-548643,maha-empty-marathi,Adharwadi;Ajantha;Ambhai;Amsari;Amthana
BHANDARA,TUMSAR,CHANDPUR SOUTH RESERVED FOREST,chandpur-south-reserved-forest,maha-no-name-match,Agri;Alesur;Ambagad;Asalpani;Ashti
BHANDARA,TUMSAR,Tumsar (M Cl),v-248079,maha-no-name-match,Agri;Alesur;Ambagad;Asalpani;Ashti
